[
    {
        "tag_name": "YouTube",
        "tag_urls": [
            "i.ytimg.com"
        ]
    },
    {
        "tag_name": "Google Universal Analytics",
        "tag_urls": [
            "www.google-analytics.com"
        ]
    },
    {
        "tag_name": "Google Tag Manager",
        "tag_urls": [
            "www.googletagmanager.com/gtm.js"
        ]
    },
    {
        "tag_name": "Tag Inspector Realtime",
        "tag_urls": [
            "realtime.taginspector"
        ]
    },
    {
        "tag_name": "Google Ads Audience Tracker",
        "tag_urls": [
            "www.google.com/ads/ga-audiences"
        ]
    },
    {
        "tag_name": "OneTrust",
        "tag_urls": [
            "onetrust.com",
            "cdn.cookielaw.org"
        ]
    },
    {
        "tag_name": "DoubleClick",
        "tag_urls": [
            "doubleclick.net"
        ]
    },
    {
        "tag_name": "Google Web Font",
        "tag_urls": [
            "fonts.googleapis.com"
        ]
    },
    {
        "tag_name": "DoubleClick Floodlight",
        "tag_urls": [
            "www.googletagmanager.com/gtag"
        ]
    },
    {
        "tag_name": "AppNexus",
        "tag_urls": [
            "ib.adnxs.com"
        ]
    },
    {
        "tag_name": "The Trade Desk",
        "tag_urls": [
            "insight.adsrvr.org"
        ]
    },
    {
        "tag_name": "Google Authorized Buyers - Cookie Match",
        "tag_urls": [
            "cm.g.doubleclick.net"
        ]
    },
    {
        "tag_name": "Verizon Media",
        "tag_urls": [
            "pixel.advertising.com",
            "cms.analytics.yahoo.com",
            "ups.analytics.yahoo.com",
            "ads.yahoo.com"
        ]
    },
    {
        "tag_name": "Facebook Pixel",
        "tag_urls": [
            "www.facebook.com/tr"
        ]
    },
    {
        "tag_name": "Gigya",
        "tag_urls": [
            "cdns.gigya.com",
            "cdns.us1.gigya.com",
            "accounts.us1.gigya.com"
        ]
    },
    {
        "tag_name": "Google Optimize",
        "tag_urls": [
            "www.googleoptimize.com"
        ]
    },
    {
        "tag_name": "Index Exchange",
        "tag_urls": [
            "ssum-sec.casalemedia.com"
        ]
    },
    {
        "tag_name": "Rubicon Project",
        "tag_urls": [
            "token.rubiconproject.com"
        ]
    },
    {
        "tag_name": "BidSwitch",
        "tag_urls": [
            "x.bidswitch.net"
        ]
    },
    {
        "tag_name": "PubMatic",
        "tag_urls": [
            "image6.pubmatic.com"
        ]
    },
    {
        "tag_name": "Fonts.com",
        "tag_urls": [
            "fast.fonts.net"
        ]
    },
    {
        "tag_name": "Cloud.typography",
        "tag_urls": [
            "cloud.typography.com"
        ]
    },
    {
        "tag_name": "Facebook Social Plugins",
        "tag_urls": [
            "connect.facebook.net"
        ]
    },
    {
        "tag_name": "Google Maps",
        "tag_urls": [
            "maps.googleapis.com/maps"
        ]
    },
    {
        "tag_name": "Google Ads Conversion",
        "tag_urls": [
            "www.googleadservices.com/pagead/conversion_async.js"
        ]
    },
    {
        "tag_name": "Google Ads Remarketing",
        "tag_urls": [
            "googleads.g.doubleclick.net"
        ]
    },
    {
        "tag_name": "Adobe AudienceManager",
        "tag_urls": [
            "dpm.demdex.net",
            "mscom.demdex.net"
        ]
    },
    {
        "tag_name": "AddThis",
        "tag_urls": [
            "www.addthis.com"
        ]
    },
    {
        "tag_name": "Price Spider",
        "tag_urls": [
            "cdn.pricespider.com"
        ]
    },
    {
        "tag_name": "BlueKai",
        "tag_urls": [
            "tags.bluekai.com"
        ]
    },
    {
        "tag_name": "Moat",
        "tag_urls": [
            "moatads.com"
        ]
    },
    {
        "tag_name": "Neustar Aggregate Knowledge",
        "tag_urls": [
            "aa.agkn.com"
        ]
    },
    {
        "tag_name": "MediaMath",
        "tag_urls": [
            "pixel.mathtag.com"
        ]
    },
    {
        "tag_name": "Google Global Site Tag (gtag.js)",
        "tag_urls": [
            "www.googletagmanager.com/gtag"
        ]
    },
    {
        "tag_name": "Bazaarvoice",
        "tag_urls": [
            "bazaarvoice.com"
        ]
    },
    {
        "tag_name": "Survata",
        "tag_urls": [
            "px.surveywall-api.survata.com"
        ]
    },
    {
        "tag_name": "Roku OneView (DataXu)",
        "tag_urls": [
            "survata"
        ]
    },
    {
        "tag_name": "Centro",
        "tag_urls": [
            "centro"
        ]
    },
    {
        "tag_name": "TubeMogul",
        "tag_urls": [
            "www.tubemogul.com"
        ]
    },
    {
        "tag_name": "Twitter Widget",
        "tag_urls": [
            "platform.twitter.com"
        ]
    },
    {
        "tag_name": "Amobee",
        "tag_urls": [
            "amobee"
        ]
    },
    {
        "tag_name": "MaxMind",
        "tag_urls": [
            "maxmind.com"
        ]
    },
    {
        "tag_name": "iSpot TV",
        "tag_urls": [
            "pi.ispot.tv"
        ]
    },
    {
        "tag_name": "Videology",
        "tag_urls": [
            "videology"
        ]
    },
    {
        "tag_name": "LiveIntent",
        "tag_urls": [
            "liadm.com"
        ]
    },
    {
        "tag_name": "GA4",
        "tag_urls": [
            "liveintent"
        ]
    },
    {
        "tag_name": "Microsoft Advertising Universal Event Tracking",
        "tag_urls": [
            "c.bing.com"
        ]
    },
    {
        "tag_name": "Yandex Metrics",
        "tag_urls": [
            "mc.yandex.ru"
        ]
    },
    {
        "tag_name": "Amazon Product Ads",
        "tag_urls": [
            "s.amazon-adsystem.com"
        ]
    },
    {
        "tag_name": "Ensighten",
        "tag_urls": [
            "nexus.ensighten.com"
        ]
    },
    {
        "tag_name": "New Relic",
        "tag_urls": [
            "js-agent.newrelic.com"
        ]
    },
    {
        "tag_name": "Tealium",
        "tag_urls": [
            "tags.tiqcdn.com"
        ]
    },
    {
        "tag_name": "Media Innovation Group",
        "tag_urls": [
            "odr.mookie1.com"
        ]
    },
    {
        "tag_name": "Twitter Conversion Tracking",
        "tag_urls": [
            "analytics.twitter.com"
        ]
    },
    {
        "tag_name": "Adform",
        "tag_urls": [
            "c1.adform.net"
        ]
    },
    {
        "tag_name": "Salesforce DMP (Krux)",
        "tag_urls": [
            "usermatch.krxd.net"
        ]
    },
    {
        "tag_name": "Adobe Analytics",
        "tag_urls": [
            "msftenterprise.sc.omtrdc.net"
        ]
    },
    {
        "tag_name": "PowerReviews",
        "tag_urls": [
            "www.powerreviews.com"
        ]
    },
    {
        "tag_name": "LiveRamp",
        "tag_urls": [
            "liveramp"
        ]
    },
    {
        "tag_name": "Google Recaptcha",
        "tag_urls": [
            "www.google.com/recaptcha"
        ]
    },
    {
        "tag_name": "Mail.Ru Group",
        "tag_urls": [
            "corp.mail.ru"
        ]
    },
    {
        "tag_name": "Adobe Typekit",
        "tag_urls": [
            "typekit.net"
        ]
    },
    {
        "tag_name": "Tapad",
        "tag_urls": [
            "www.tapad.com"
        ]
    },
    {
        "tag_name": "Hotjar",
        "tag_urls": [
            "static.hotjar.com"
        ]
    },
    {
        "tag_name": "eXelate",
        "tag_urls": [
            "loadus.exelator.com"
        ]
    },
    {
        "tag_name": "OpenX",
        "tag_urls": [
            "us-u.openx.net"
        ]
    },
    {
        "tag_name": "FreeWheel",
        "tag_urls": [
            "ads.stickyadstv.com"
        ]
    },
    {
        "tag_name": "Taboola",
        "tag_urls": [
            "sync.taboola.com"
        ]
    },
    {
        "tag_name": "LinkedIn Insight",
        "tag_urls": [
            "snap.licdn.com",
            "px.ads.linkedin.com"
        ]
    },
    {
        "tag_name": "Webtrends",
        "tag_urls": [
            "webtrends.js",
            "tagging.novartis.com"
        ]
    },
    {
        "tag_name": "ScorecardResearch",
        "tag_urls": [
            "sb.scorecardresearch.com"
        ]
    },
    {
        "tag_name": "telaria",
        "tag_urls": [
            "amazon.partners.tremorhub.com"
        ]
    },
    {
        "tag_name": "Adobe Cloud ID Service",
        "tag_urls": [
            "dpm.demdex.net/id"
        ]
    },
    {
        "tag_name": "RhythmOne",
        "tag_urls": [
            "sync.1rx.io"
        ]
    },
    {
        "tag_name": "SpotXchange",
        "tag_urls": [
            "sync.search.spotxchange.com"
        ]
    },
    {
        "tag_name": "ZeoTap",
        "tag_urls": [
            "spl.zeotap.com"
        ]
    },
    {
        "tag_name": "Google Classic Analytics",
        "tag_urls": [
            "www.google-analytics.com"
        ]
    },
    {
        "tag_name": "MyFonts",
        "tag_urls": [
            "hello.myfonts.net"
        ]
    },
    {
        "tag_name": "Snowplow Analytics",
        "tag_urls": [
            "snplow.com",
            "snplow.net"
        ]
    },
    {
        "tag_name": "Outbrain",
        "tag_urls": [
            "www.outbrain.com"
        ]
    },
    {
        "tag_name": "VisualIQ",
        "tag_urls": [
            "t.myvisualiq.net"
        ]
    },
    {
        "tag_name": "Lucid",
        "tag_urls": [
            "usersync.samplicio.us"
        ]
    },
    {
        "tag_name": "Placed",
        "tag_urls": [
            "pixel.placed.com"
        ]
    },
    {
        "tag_name": "NinthDecimal",
        "tag_urls": [
            "lciapi.ninthdecimal.com"
        ]
    },
    {
        "tag_name": "Adobe Target",
        "tag_urls": [
            "glaxosmithklinebeech.tt.omtrdc.net"
        ]
    },
    {
        "tag_name": "Heroku",
        "tag_urls": [
            "herokuapp.com"
        ]
    },
    {
        "tag_name": "Google Botguard",
        "tag_urls": [
            "www.google.com/js/bg"
        ]
    },
    {
        "tag_name": "Sharethrough",
        "tag_urls": [
            "match.sharethrough.com",
            "sharethrough.com"
        ]
    },
    {
        "tag_name": "CookieQ",
        "tag_urls": [
            "cdn.baycloud.com"
        ]
    },
    {
        "tag_name": "Qualtrics",
        "tag_urls": [
            "qualtrics.com"
        ]
    }
]